operation_id,date,warehouse_id,warehouse_name,sku_id,operation_type,qty,unit_cost_byn
MOV000001,2025-01-01,WH1,Склад Минск,SKU_003,outcome,34,12.96
MOV000002,2025-01-01,WH1,Склад Минск,SKU_006,outcome,32,10.08
MOV000003,2025-01-01,WH1,Склад Минск,SKU_007,outcome,30,15.84
MOV000004,2025-01-01,WH2,Склад Брест,SKU_008,outcome,34,17.28
MOV000005,2025-01-01,WH2,Склад Брест,SKU_010,outcome,23,5.76
MOV000006,2025-01-01,WH2,Склад Брест,SKU_012,outcome,45,5.4
MOV000007,2025-01-02,WH1,Склад Минск,SKU_010,income,192,5.76
MOV000008,2025-01-02,WH2,Склад Брест,SKU_002,income,332,10.8
MOV000009,2025-01-02,WH2,Склад Брест,SKU_003,income,280,12.96
MOV000010,2025-01-02,WH2,Склад Брест,SKU_006,income,229,10.08
MOV000011,2025-01-02,WH2,Склад Брест,SKU_010,income,312,5.76
MOV000012,2025-01-02,WH1,Склад Минск,SKU_004,outcome,19,9.36
MOV000013,2025-01-02,WH2,Склад Брест,SKU_005,outcome,35,8.28
MOV000014,2025-01-02,WH2,Склад Брест,SKU_008,outcome,20,17.28
MOV000015,2025-01-02,WH2,Склад Брест,SKU_009,outcome,39,18.72
MOV000016,2025-01-02,WH2,Склад Брест,SKU_012,outcome,25,5.4
MOV000017,2025-01-03,WH1,Склад Минск,SKU_009,outcome,30,18.72
MOV000018,2025-01-03,WH1,Склад Минск,SKU_012,outcome,37,5.4
MOV000019,2025-01-03,WH2,Склад Брест,SKU_006,outcome,27,10.08
MOV000020,2025-01-03,WH2,Склад Брест,SKU_008,outcome,34,17.28
MOV000021,2025-01-03,WH2,Склад Брест,SKU_012,outcome,19,5.4
MOV000022,2025-01-04,WH1,Склад Минск,SKU_012,outcome,41,5.4
MOV000023,2025-01-04,WH2,Склад Брест,SKU_005,outcome,52,8.28
MOV000024,2025-01-04,WH2,Склад Брест,SKU_010,outcome,62,5.76
MOV000025,2025-01-05,WH1,Склад Минск,SKU_002,outcome,35,10.8
MOV000026,2025-01-05,WH1,Склад Минск,SKU_003,outcome,42,12.96
MOV000027,2025-01-05,WH1,Склад Минск,SKU_010,outcome,17,5.76
MOV000028,2025-01-05,WH1,Склад Минск,SKU_011,outcome,50,6.48
MOV000029,2025-01-05,WH2,Склад Брест,SKU_007,outcome,42,15.84
MOV000030,2025-01-06,WH1,Склад Минск,SKU_005,income,270,8.28
MOV000031,2025-01-06,WH1,Склад Минск,SKU_007,income,374,15.84
MOV000032,2025-01-06,WH2,Склад Брест,SKU_004,income,284,9.36
MOV000033,2025-01-06,WH2,Склад Брест,SKU_007,income,272,15.84
MOV000034,2025-01-06,WH2,Склад Брест,SKU_008,income,328,17.28
MOV000035,2025-01-06,WH2,Склад Брест,SKU_009,income,236,18.72
MOV000036,2025-01-06,WH2,Склад Брест,SKU_010,income,361,5.76
MOV000037,2025-01-06,WH1,Склад Минск,SKU_006,outcome,24,10.08
MOV000038,2025-01-06,WH2,Склад Брест,SKU_011,outcome,24,6.48
MOV000039,2025-01-07,WH2,Склад Брест,SKU_005,outcome,25,8.28
MOV000040,2025-01-07,WH2,Склад Брест,SKU_007,outcome,42,15.84
MOV000041,2025-01-07,WH2,Склад Брест,SKU_011,outcome,28,6.48
MOV000042,2025-01-08,WH1,Склад Минск,SKU_005,outcome,21,8.28
MOV000043,2025-01-08,WH1,Склад Минск,SKU_009,outcome,28,18.72
MOV000044,2025-01-08,WH2,Склад Брест,SKU_001,outcome,34,8.64
MOV000045,2025-01-09,WH1,Склад Минск,SKU_003,income,229,12.96
MOV000046,2025-01-09,WH1,Склад Минск,SKU_004,income,230,9.36
MOV000047,2025-01-09,WH2,Склад Брест,SKU_002,income,426,10.8
MOV000048,2025-01-09,WH2,Склад Брест,SKU_006,income,248,10.08
MOV000049,2025-01-09,WH2,Склад Брест,SKU_007,income,280,15.84
MOV000050,2025-01-09,WH2,Склад Брест,SKU_010,income,277,5.76
MOV000051,2025-01-09,WH2,Склад Брест,SKU_009,outcome,30,18.72
MOV000052,2025-01-10,WH1,Склад Минск,SKU_002,outcome,41,10.8
MOV000053,2025-01-10,WH1,Склад Минск,SKU_011,outcome,44,6.48
MOV000054,2025-01-10,WH1,Склад Минск,SKU_012,outcome,31,5.4
MOV000055,2025-01-10,WH2,Склад Брест,SKU_001,outcome,22,8.64
MOV000056,2025-01-10,WH2,Склад Брест,SKU_005,outcome,47,8.28
MOV000057,2025-01-10,WH2,Склад Брест,SKU_007,outcome,34,15.84
MOV000058,2025-01-11,WH1,Склад Минск,SKU_005,outcome,52,8.28
MOV000059,2025-01-12,WH1,Склад Минск,SKU_001,outcome,12,8.64
MOV000060,2025-01-12,WH1,Склад Минск,SKU_004,outcome,36,9.36
MOV000061,2025-01-12,WH2,Склад Брест,SKU_002,outcome,54,10.8
MOV000062,2025-01-12,WH2,Склад Брест,SKU_006,outcome,31,10.08
MOV000063,2025-01-12,WH2,Склад Брест,SKU_007,outcome,32,15.84
MOV000064,2025-01-13,WH1,Склад Минск,SKU_005,income,317,8.28
MOV000065,2025-01-13,WH2,Склад Брест,SKU_006,income,266,10.08
MOV000066,2025-01-13,WH2,Склад Брест,SKU_005,outcome,31,8.28
MOV000067,2025-01-14,WH1,Склад Минск,SKU_001,outcome,31,8.64
MOV000068,2025-01-14,WH1,Склад Минск,SKU_008,outcome,28,17.28
MOV000069,2025-01-14,WH2,Склад Брест,SKU_008,outcome,47,17.28
MOV000070,2025-01-15,WH1,Склад Минск,SKU_002,outcome,39,10.8
MOV000071,2025-01-15,WH2,Склад Брест,SKU_004,outcome,37,9.36
MOV000072,2025-01-16,WH1,Склад Минск,SKU_002,income,348,10.8
MOV000073,2025-01-16,WH1,Склад Минск,SKU_012,income,284,5.4
MOV000074,2025-01-16,WH2,Склад Брест,SKU_001,income,253,8.64
MOV000075,2025-01-16,WH2,Склад Брест,SKU_005,income,263,8.28
MOV000076,2025-01-16,WH2,Склад Брест,SKU_009,income,300,18.72
MOV000077,2025-01-16,WH2,Склад Брест,SKU_011,income,236,6.48
MOV000078,2025-01-16,WH2,Склад Брест,SKU_001,outcome,29,8.64
MOV000079,2025-01-16,WH2,Склад Брест,SKU_006,outcome,29,10.08
MOV000080,2025-01-16,WH2,Склад Брест,SKU_008,outcome,56,17.28
MOV000081,2025-01-17,WH1,Склад Минск,SKU_004,outcome,7,9.36
MOV000082,2025-01-17,WH2,Склад Брест,SKU_001,outcome,33,8.64
MOV000083,2025-01-17,WH2,Склад Брест,SKU_003,outcome,52,12.96
MOV000084,2025-01-18,WH1,Склад Минск,SKU_010,outcome,36,5.76
MOV000085,2025-01-18,WH1,Склад Минск,SKU_012,outcome,42,5.4
MOV000086,2025-01-19,WH1,Склад Минск,SKU_003,outcome,35,12.96
MOV000087,2025-01-19,WH1,Склад Минск,SKU_004,outcome,28,9.36
MOV000088,2025-01-19,WH2,Склад Брест,SKU_012,outcome,12,5.4
MOV000089,2025-01-20,WH1,Склад Минск,SKU_001,income,312,8.64
MOV000090,2025-01-20,WH1,Склад Минск,SKU_008,income,253,17.28
MOV000091,2025-01-20,WH1,Склад Минск,SKU_011,income,251,6.48
MOV000092,2025-01-20,WH2,Склад Брест,SKU_012,income,270,5.4
MOV000093,2025-01-20,WH2,Склад Брест,SKU_010,outcome,52,5.76
MOV000094,2025-01-21,WH1,Склад Минск,SKU_001,outcome,59,8.64
MOV000095,2025-01-21,WH2,Склад Брест,SKU_008,outcome,37,17.28
MOV000096,2025-01-21,WH2,Склад Брест,SKU_009,outcome,30,18.72
MOV000097,2025-01-21,WH2,Склад Брест,SKU_011,outcome,23,6.48
MOV000098,2025-01-22,WH2,Склад Брест,SKU_002,outcome,39,10.8
MOV000099,2025-01-22,WH2,Склад Брест,SKU_003,outcome,52,12.96
MOV000100,2025-01-22,WH2,Склад Брест,SKU_007,outcome,32,15.84
MOV000101,2025-01-23,WH1,Склад Минск,SKU_001,income,157,8.64
MOV000102,2025-01-23,WH1,Склад Минск,SKU_006,income,340,10.08
MOV000103,2025-01-23,WH1,Склад Минск,SKU_008,income,359,17.28
MOV000104,2025-01-23,WH2,Склад Брест,SKU_001,income,204,8.64
MOV000105,2025-01-23,WH2,Склад Брест,SKU_008,income,310,17.28
MOV000106,2025-01-23,WH1,Склад Минск,SKU_001,outcome,39,8.64
MOV000107,2025-01-23,WH1,Склад Минск,SKU_012,outcome,34,5.4
MOV000108,2025-01-24,WH1,Склад Минск,SKU_007,outcome,27,15.84
MOV000109,2025-01-24,WH2,Склад Брест,SKU_007,outcome,45,15.84
MOV000110,2025-01-24,WH2,Склад Брест,SKU_008,outcome,30,17.28
MOV000111,2025-01-25,WH1,Склад Минск,SKU_005,outcome,20,8.28
MOV000112,2025-01-26,WH2,Склад Брест,SKU_001,outcome,14,8.64
MOV000113,2025-01-26,WH2,Склад Брест,SKU_004,outcome,47,9.36
MOV000114,2025-01-26,WH2,Склад Брест,SKU_011,outcome,41,6.48
MOV000115,2025-01-27,WH1,Склад Минск,SKU_001,income,305,8.64
MOV000116,2025-01-27,WH2,Склад Брест,SKU_005,income,273,8.28
MOV000117,2025-01-27,WH2,Склад Брест,SKU_006,income,268,10.08
MOV000118,2025-01-27,WH2,Склад Брест,SKU_010,income,235,5.76
MOV000119,2025-01-27,WH2,Склад Брест,SKU_001,outcome,30,8.64
MOV000120,2025-01-27,WH2,Склад Брест,SKU_008,outcome,13,17.28
MOV000121,2025-01-28,WH1,Склад Минск,SKU_002,outcome,27,10.8
MOV000122,2025-01-28,WH2,Склад Брест,SKU_012,outcome,31,5.4
MOV000123,2025-01-29,WH1,Склад Минск,SKU_012,outcome,41,5.4
MOV000124,2025-01-29,WH2,Склад Брест,SKU_003,outcome,34,12.96
MOV000125,2025-01-29,WH2,Склад Брест,SKU_005,outcome,42,8.28
MOV000126,2025-01-29,WH2,Склад Брест,SKU_010,outcome,48,5.76
MOV000127,2025-01-30,WH1,Склад Минск,SKU_001,income,363,8.64
MOV000128,2025-01-30,WH2,Склад Брест,SKU_004,income,328,9.36
MOV000129,2025-01-30,WH2,Склад Брест,SKU_005,income,300,8.28
MOV000130,2025-01-30,WH2,Склад Брест,SKU_007,income,241,15.84
MOV000131,2025-01-30,WH2,Склад Брест,SKU_010,income,344,5.76
MOV000132,2025-01-30,WH1,Склад Минск,SKU_001,outcome,51,8.64
MOV000133,2025-01-30,WH1,Склад Минск,SKU_003,outcome,38,12.96
MOV000134,2025-01-30,WH1,Склад Минск,SKU_004,outcome,54,9.36
MOV000135,2025-01-30,WH1,Склад Минск,SKU_009,outcome,19,18.72
MOV000136,2025-01-30,WH2,Склад Брест,SKU_010,outcome,23,5.76
MOV000137,2025-01-31,WH1,Склад Минск,SKU_002,outcome,43,10.8
MOV000138,2025-01-31,WH1,Склад Минск,SKU_010,outcome,37,5.76
MOV000139,2025-01-31,WH2,Склад Брест,SKU_006,outcome,48,10.08
MOV000140,2025-01-31,WH2,Склад Брест,SKU_007,outcome,34,15.84
MOV000141,2025-02-01,WH1,Склад Минск,SKU_004,outcome,26,9.36
MOV000142,2025-02-01,WH2,Склад Брест,SKU_001,outcome,32,8.64
MOV000143,2025-02-02,WH1,Склад Минск,SKU_008,outcome,19,17.28
MOV000144,2025-02-02,WH2,Склад Брест,SKU_010,outcome,23,5.76
MOV000145,2025-02-03,WH1,Склад Минск,SKU_002,income,358,10.8
MOV000146,2025-02-03,WH1,Склад Минск,SKU_003,income,352,12.96
MOV000147,2025-02-03,WH1,Склад Минск,SKU_005,income,321,8.28
MOV000148,2025-02-03,WH1,Склад Минск,SKU_006,income,196,10.08
MOV000149,2025-02-03,WH1,Склад Минск,SKU_011,income,278,6.48
MOV000150,2025-02-03,WH2,Склад Брест,SKU_003,income,226,12.96
MOV000151,2025-02-03,WH2,Склад Брест,SKU_007,income,370,15.84
MOV000152,2025-02-03,WH2,Склад Брест,SKU_011,income,264,6.48
MOV000153,2025-02-03,WH2,Склад Брест,SKU_012,income,234,5.4
MOV000154,2025-02-03,WH2,Склад Брест,SKU_009,outcome,35,18.72
MOV000155,2025-02-04,WH2,Склад Брест,SKU_003,outcome,28,12.96
MOV000156,2025-02-04,WH2,Склад Брест,SKU_007,outcome,49,15.84
MOV000157,2025-02-04,WH2,Склад Брест,SKU_010,outcome,27,5.76
MOV000158,2025-02-05,WH2,Склад Брест,SKU_001,outcome,21,8.64
MOV000159,2025-02-05,WH2,Склад Брест,SKU_011,outcome,13,6.48
MOV000160,2025-02-06,WH2,Склад Брест,SKU_001,income,298,8.64
MOV000161,2025-02-06,WH2,Склад Брест,SKU_002,income,266,10.8
MOV000162,2025-02-06,WH2,Склад Брест,SKU_003,income,214,12.96
MOV000163,2025-02-06,WH2,Склад Брест,SKU_011,income,371,6.48
MOV000164,2025-02-06,WH1,Склад Минск,SKU_006,outcome,41,10.08
MOV000165,2025-02-06,WH1,Склад Минск,SKU_008,outcome,34,17.28
MOV000166,2025-02-06,WH1,Склад Минск,SKU_011,outcome,48,6.48
MOV000167,2025-02-07,WH2,Склад Брест,SKU_008,outcome,41,17.28
MOV000168,2025-02-08,WH1,Склад Минск,SKU_010,outcome,26,5.76
MOV000169,2025-02-08,WH2,Склад Брест,SKU_003,outcome,24,12.96
MOV000170,2025-02-08,WH2,Склад Брест,SKU_006,outcome,43,10.08
MOV000171,2025-02-08,WH2,Склад Брест,SKU_007,outcome,38,15.84
MOV000172,2025-02-09,WH1,Склад Минск,SKU_008,outcome,36,17.28
MOV000173,2025-02-09,WH2,Склад Брест,SKU_004,outcome,26,9.36
MOV000174,2025-02-09,WH2,Склад Брест,SKU_008,outcome,41,17.28
MOV000175,2025-02-10,WH1,Склад Минск,SKU_003,income,254,12.96
MOV000176,2025-02-10,WH1,Склад Минск,SKU_004,income,293,9.36
MOV000177,2025-02-10,WH2,Склад Брест,SKU_012,income,386,5.4
MOV000178,2025-02-10,WH1,Склад Минск,SKU_008,outcome,28,17.28
MOV000179,2025-02-10,WH1,Склад Минск,SKU_010,outcome,19,5.76
MOV000180,2025-02-10,WH2,Склад Брест,SKU_007,outcome,24,15.84
MOV000181,2025-02-11,WH1,Склад Минск,SKU_005,outcome,44,8.28
MOV000182,2025-02-11,WH2,Склад Брест,SKU_005,outcome,37,8.28
MOV000183,2025-02-11,WH2,Склад Брест,SKU_011,outcome,33,6.48
MOV000184,2025-02-12,WH1,Склад Минск,SKU_008,outcome,29,17.28
MOV000185,2025-02-12,WH2,Склад Брест,SKU_011,outcome,39,6.48
MOV000186,2025-02-13,WH1,Склад Минск,SKU_012,income,249,5.4
MOV000187,2025-02-13,WH2,Склад Брест,SKU_005,income,318,8.28
MOV000188,2025-02-13,WH1,Склад Минск,SKU_011,outcome,27,6.48
MOV000189,2025-02-14,WH1,Склад Минск,SKU_012,outcome,26,5.4
MOV000190,2025-02-14,WH2,Склад Брест,SKU_007,outcome,28,15.84
MOV000191,2025-02-14,WH2,Склад Брест,SKU_008,outcome,31,17.28
MOV000192,2025-02-15,WH1,Склад Минск,SKU_001,outcome,34,8.64
MOV000193,2025-02-15,WH1,Склад Минск,SKU_009,outcome,37,18.72
MOV000194,2025-02-16,WH1,Склад Минск,SKU_002,outcome,5,10.8
MOV000195,2025-02-16,WH1,Склад Минск,SKU_009,outcome,26,18.72
MOV000196,2025-02-16,WH1,Склад Минск,SKU_011,outcome,31,6.48
MOV000197,2025-02-17,WH1,Склад Минск,SKU_006,income,390,10.08
MOV000198,2025-02-17,WH2,Склад Брест,SKU_001,income,235,8.64
MOV000199,2025-02-17,WH2,Склад Брест,SKU_005,income,309,8.28
MOV000200,2025-02-17,WH2,Склад Брест,SKU_006,income,389,10.08
MOV000201,2025-02-17,WH2,Склад Брест,SKU_003,outcome,21,12.96
MOV000202,2025-02-18,WH1,Склад Минск,SKU_012,outcome,38,5.4
MOV000203,2025-02-18,WH2,Склад Брест,SKU_002,outcome,26,10.8
MOV000204,2025-02-18,WH2,Склад Брест,SKU_008,outcome,29,17.28
MOV000205,2025-02-19,WH1,Склад Минск,SKU_006,outcome,26,10.08
MOV000206,2025-02-19,WH1,Склад Минск,SKU_009,outcome,27,18.72
MOV000207,2025-02-19,WH1,Склад Минск,SKU_012,outcome,62,5.4
MOV000208,2025-02-19,WH2,Склад Брест,SKU_003,outcome,43,12.96
MOV000209,2025-02-20,WH1,Склад Минск,SKU_001,income,366,8.64
MOV000210,2025-02-20,WH1,Склад Минск,SKU_002,income,329,10.8
MOV000211,2025-02-20,WH1,Склад Минск,SKU_003,income,203,12.96
MOV000212,2025-02-20,WH1,Склад Минск,SKU_005,income,323,8.28
MOV000213,2025-02-20,WH1,Склад Минск,SKU_010,income,364,5.76
MOV000214,2025-02-20,WH2,Склад Брест,SKU_001,income,248,8.64
MOV000215,2025-02-20,WH2,Склад Брест,SKU_005,income,357,8.28
MOV000216,2025-02-20,WH2,Склад Брест,SKU_009,income,342,18.72
MOV000217,2025-02-20,WH2,Склад Брест,SKU_003,outcome,53,12.96
MOV000218,2025-02-21,WH1,Склад Минск,SKU_005,outcome,30,8.28
MOV000219,2025-02-22,WH2,Склад Брест,SKU_005,outcome,24,8.28
MOV000220,2025-02-23,WH1,Склад Минск,SKU_007,outcome,31,15.84
MOV000221,2025-02-23,WH2,Склад Брест,SKU_002,outcome,49,10.8
MOV000222,2025-02-23,WH2,Склад Брест,SKU_010,outcome,16,5.76
MOV000223,2025-02-24,WH1,Склад Минск,SKU_003,income,175,12.96
MOV000224,2025-02-24,WH1,Склад Минск,SKU_004,income,305,9.36
MOV000225,2025-02-24,WH1,Склад Минск,SKU_009,income,273,18.72
MOV000226,2025-02-24,WH1,Склад Минск,SKU_010,income,300,5.76
MOV000227,2025-02-24,WH1,Склад Минск,SKU_012,income,356,5.4
MOV000228,2025-02-24,WH2,Склад Брест,SKU_001,income,266,8.64
MOV000229,2025-02-24,WH2,Склад Брест,SKU_008,income,187,17.28
MOV000230,2025-02-24,WH2,Склад Брест,SKU_010,income,422,5.76
MOV000231,2025-02-24,WH2,Склад Брест,SKU_002,outcome,25,10.8
MOV000232,2025-02-24,WH2,Склад Брест,SKU_003,outcome,24,12.96
MOV000233,2025-02-24,WH2,Склад Брест,SKU_007,outcome,46,15.84
MOV000234,2025-02-24,WH2,Склад Брест,SKU_011,outcome,31,6.48
MOV000235,2025-02-25,WH1,Склад Минск,SKU_001,outcome,34,8.64
MOV000236,2025-02-25,WH2,Склад Брест,SKU_003,outcome,39,12.96
MOV000237,2025-02-26,WH1,Склад Минск,SKU_003,outcome,45,12.96
MOV000238,2025-02-26,WH1,Склад Минск,SKU_010,outcome,31,5.76
MOV000239,2025-02-26,WH1,Склад Минск,SKU_012,outcome,50,5.4
MOV000240,2025-02-26,WH2,Склад Брест,SKU_002,outcome,13,10.8
MOV000241,2025-02-27,WH1,Склад Минск,SKU_004,income,345,9.36
MOV000242,2025-02-27,WH1,Склад Минск,SKU_006,income,249,10.08
MOV000243,2025-02-27,WH1,Склад Минск,SKU_007,income,382,15.84
MOV000244,2025-02-27,WH1,Склад Минск,SKU_008,income,308,17.28
MOV000245,2025-02-27,WH2,Склад Брест,SKU_005,income,259,8.28
MOV000246,2025-02-27,WH2,Склад Брест,SKU_010,income,339,5.76
MOV000247,2025-02-27,WH2,Склад Брест,SKU_012,income,353,5.4
MOV000248,2025-02-27,WH2,Склад Брест,SKU_002,outcome,41,10.8
MOV000249,2025-02-28,WH1,Склад Минск,SKU_006,outcome,24,10.08
MOV000250,2025-02-28,WH1,Склад Минск,SKU_008,outcome,30,17.28
MOV000251,2025-02-28,WH2,Склад Брест,SKU_007,outcome,34,15.84
MOV000252,2025-03-01,WH1,Склад Минск,SKU_010,outcome,34,5.76
MOV000253,2025-03-01,WH2,Склад Брест,SKU_012,outcome,42,5.4
MOV000254,2025-03-02,WH1,Склад Минск,SKU_011,outcome,14,6.48
MOV000255,2025-03-02,WH2,Склад Брест,SKU_002,outcome,38,10.8
MOV000256,2025-03-02,WH2,Склад Брест,SKU_007,outcome,32,15.84
MOV000257,2025-03-02,WH2,Склад Брест,SKU_009,outcome,26,18.72
MOV000258,2025-03-02,WH2,Склад Брест,SKU_011,outcome,27,6.48
MOV000259,2025-03-03,WH1,Склад Минск,SKU_004,income,287,9.36
MOV000260,2025-03-03,WH1,Склад Минск,SKU_010,income,83,5.76
MOV000261,2025-03-03,WH2,Склад Брест,SKU_006,income,257,10.08
MOV000262,2025-03-03,WH2,Склад Брест,SKU_007,income,247,15.84
MOV000263,2025-03-03,WH2,Склад Брест,SKU_008,income,331,17.28
MOV000264,2025-03-03,WH2,Склад Брест,SKU_011,income,251,6.48
MOV000265,2025-03-03,WH2,Склад Брест,SKU_012,income,287,5.4
MOV000266,2025-03-03,WH1,Склад Минск,SKU_003,outcome,50,12.96
MOV000267,2025-03-03,WH2,Склад Брест,SKU_007,outcome,44,15.84
MOV000268,2025-03-03,WH2,Склад Брест,SKU_010,outcome,44,5.76
MOV000269,2025-03-04,WH1,Склад Минск,SKU_002,outcome,30,10.8
MOV000270,2025-03-04,WH2,Склад Брест,SKU_004,outcome,40,9.36
MOV000271,2025-03-05,WH1,Склад Минск,SKU_006,outcome,32,10.08
MOV000272,2025-03-05,WH2,Склад Брест,SKU_001,outcome,33,8.64
MOV000273,2025-03-05,WH2,Склад Брест,SKU_008,outcome,39,17.28
MOV000274,2025-03-06,WH1,Склад Минск,SKU_002,income,264,10.8
MOV000275,2025-03-06,WH1,Склад Минск,SKU_005,income,389,8.28
MOV000276,2025-03-06,WH1,Склад Минск,SKU_009,income,290,18.72
MOV000277,2025-03-06,WH2,Склад Брест,SKU_006,income,337,10.08
MOV000278,2025-03-06,WH2,Склад Брест,SKU_007,income,387,15.84
MOV000279,2025-03-06,WH2,Склад Брест,SKU_012,income,361,5.4
MOV000280,2025-03-06,WH2,Склад Брест,SKU_002,outcome,20,10.8
MOV000281,2025-03-06,WH2,Склад Брест,SKU_009,outcome,39,18.72
MOV000282,2025-03-07,WH1,Склад Минск,SKU_010,outcome,43,5.76
MOV000283,2025-03-07,WH2,Склад Брест,SKU_009,outcome,43,18.72
MOV000284,2025-03-07,WH2,Склад Брест,SKU_010,outcome,23,5.76
MOV000285,2025-03-07,WH2,Склад Брест,SKU_012,outcome,28,5.4
MOV000286,2025-03-08,WH1,Склад Минск,SKU_008,outcome,44,17.28
MOV000287,2025-03-08,WH2,Склад Брест,SKU_004,outcome,27,9.36
MOV000288,2025-03-08,WH2,Склад Брест,SKU_012,outcome,32,5.4
MOV000289,2025-03-09,WH2,Склад Брест,SKU_008,outcome,50,17.28
MOV000290,2025-03-09,WH2,Склад Брест,SKU_009,outcome,34,18.72
MOV000291,2025-03-10,WH1,Склад Минск,SKU_003,income,256,12.96
MOV000292,2025-03-10,WH2,Склад Брест,SKU_005,income,247,8.28
MOV000293,2025-03-10,WH1,Склад Минск,SKU_011,outcome,38,6.48
MOV000294,2025-03-10,WH2,Склад Брест,SKU_001,outcome,21,8.64
MOV000295,2025-03-10,WH2,Склад Брест,SKU_003,outcome,32,12.96
MOV000296,2025-03-11,WH1,Склад Минск,SKU_002,outcome,38,10.8
MOV000297,2025-03-11,WH2,Склад Брест,SKU_010,outcome,47,5.76
MOV000298,2025-03-12,WH2,Склад Брест,SKU_001,outcome,41,8.64
MOV000299,2025-03-12,WH2,Склад Брест,SKU_011,outcome,27,6.48
MOV000300,2025-03-13,WH1,Склад Минск,SKU_008,income,370,17.28
MOV000301,2025-03-13,WH2,Склад Брест,SKU_002,income,282,10.8
MOV000302,2025-03-13,WH2,Склад Брест,SKU_005,income,225,8.28
MOV000303,2025-03-13,WH1,Склад Минск,SKU_004,outcome,33,9.36
MOV000304,2025-03-13,WH1,Склад Минск,SKU_006,outcome,49,10.08
MOV000305,2025-03-15,WH1,Склад Минск,SKU_001,outcome,36,8.64
MOV000306,2025-03-15,WH1,Склад Минск,SKU_009,outcome,35,18.72
MOV000307,2025-03-15,WH2,Склад Брест,SKU_002,outcome,51,10.8
MOV000308,2025-03-16,WH1,Склад Минск,SKU_012,outcome,20,5.4
MOV000309,2025-03-16,WH2,Склад Брест,SKU_004,outcome,22,9.36
MOV000310,2025-03-17,WH1,Склад Минск,SKU_001,income,203,8.64
MOV000311,2025-03-17,WH1,Склад Минск,SKU_002,income,322,10.8
MOV000312,2025-03-17,WH1,Склад Минск,SKU_005,income,309,8.28
MOV000313,2025-03-17,WH1,Склад Минск,SKU_006,income,392,10.08
MOV000314,2025-03-17,WH2,Склад Брест,SKU_001,income,314,8.64
MOV000315,2025-03-17,WH2,Склад Брест,SKU_003,income,275,12.96
MOV000316,2025-03-17,WH2,Склад Брест,SKU_008,income,300,17.28
MOV000317,2025-03-17,WH1,Склад Минск,SKU_004,outcome,36,9.36
MOV000318,2025-03-17,WH1,Склад Минск,SKU_007,outcome,18,15.84
MOV000319,2025-03-17,WH1,Склад Минск,SKU_012,outcome,62,5.4
MOV000320,2025-03-17,WH2,Склад Брест,SKU_002,outcome,40,10.8
MOV000321,2025-03-18,WH1,Склад Минск,SKU_010,outcome,37,5.76
MOV000322,2025-03-18,WH1,Склад Минск,SKU_011,outcome,41,6.48
MOV000323,2025-03-19,WH1,Склад Минск,SKU_007,outcome,42,15.84
MOV000324,2025-03-19,WH2,Склад Брест,SKU_010,outcome,33,5.76
MOV000325,2025-03-20,WH1,Склад Минск,SKU_007,income,262,15.84
MOV000326,2025-03-20,WH1,Склад Минск,SKU_010,income,335,5.76
MOV000327,2025-03-20,WH2,Склад Брест,SKU_002,income,323,10.8
MOV000328,2025-03-20,WH2,Склад Брест,SKU_003,income,251,12.96
MOV000329,2025-03-20,WH2,Склад Брест,SKU_004,income,385,9.36
MOV000330,2025-03-20,WH1,Склад Минск,SKU_001,outcome,37,8.64
MOV000331,2025-03-20,WH1,Склад Минск,SKU_010,outcome,42,5.76
MOV000332,2025-03-20,WH2,Склад Брест,SKU_002,outcome,48,10.8
MOV000333,2025-03-20,WH2,Склад Брест,SKU_011,outcome,35,6.48
MOV000334,2025-03-21,WH1,Склад Минск,SKU_003,outcome,38,12.96
MOV000335,2025-03-21,WH1,Склад Минск,SKU_007,outcome,43,15.84
MOV000336,2025-03-21,WH1,Склад Минск,SKU_012,outcome,27,5.4
MOV000337,2025-03-21,WH2,Склад Брест,SKU_009,outcome,35,18.72
MOV000338,2025-03-23,WH1,Склад Минск,SKU_001,outcome,36,8.64
MOV000339,2025-03-23,WH2,Склад Брест,SKU_002,outcome,25,10.8
MOV000340,2025-03-23,WH2,Склад Брест,SKU_003,outcome,58,12.96
MOV000341,2025-03-23,WH2,Склад Брест,SKU_012,outcome,20,5.4
MOV000342,2025-03-24,WH1,Склад Минск,SKU_003,income,222,12.96
MOV000343,2025-03-24,WH1,Склад Минск,SKU_009,income,378,18.72
MOV000344,2025-03-24,WH1,Склад Минск,SKU_011,income,342,6.48
MOV000345,2025-03-24,WH2,Склад Брест,SKU_002,income,238,10.8
MOV000346,2025-03-24,WH2,Склад Брест,SKU_003,income,336,12.96
MOV000347,2025-03-24,WH2,Склад Брест,SKU_011,income,388,6.48
MOV000348,2025-03-24,WH1,Склад Минск,SKU_004,outcome,34,9.36
MOV000349,2025-03-24,WH1,Склад Минск,SKU_010,outcome,60,5.76
MOV000350,2025-03-24,WH2,Склад Брест,SKU_004,outcome,17,9.36
MOV000351,2025-03-25,WH1,Склад Минск,SKU_001,outcome,41,8.64
MOV000352,2025-03-25,WH1,Склад Минск,SKU_007,outcome,46,15.84
MOV000353,2025-03-25,WH1,Склад Минск,SKU_011,outcome,43,6.48
MOV000354,2025-03-26,WH1,Склад Минск,SKU_012,outcome,32,5.4
MOV000355,2025-03-27,WH1,Склад Минск,SKU_008,income,282,17.28
MOV000356,2025-03-27,WH1,Склад Минск,SKU_009,income,326,18.72
MOV000357,2025-03-27,WH1,Склад Минск,SKU_010,income,348,5.76
MOV000358,2025-03-27,WH1,Склад Минск,SKU_011,income,336,6.48
MOV000359,2025-03-27,WH2,Склад Брест,SKU_008,income,362,17.28
MOV000360,2025-03-27,WH2,Склад Брест,SKU_009,income,238,18.72
MOV000361,2025-03-27,WH2,Склад Брест,SKU_010,income,286,5.76
MOV000362,2025-03-27,WH1,Склад Минск,SKU_004,outcome,25,9.36
MOV000363,2025-03-28,WH1,Склад Минск,SKU_010,outcome,31,5.76
MOV000364,2025-03-28,WH1,Склад Минск,SKU_011,outcome,45,6.48
MOV000365,2025-03-28,WH2,Склад Брест,SKU_001,outcome,36,8.64
MOV000366,2025-03-29,WH1,Склад Минск,SKU_004,outcome,61,9.36
MOV000367,2025-03-30,WH1,Склад Минск,SKU_002,outcome,36,10.8
MOV000368,2025-03-30,WH2,Склад Брест,SKU_003,outcome,35,12.96
MOV000369,2025-03-31,WH1,Склад Минск,SKU_003,income,306,12.96
MOV000370,2025-03-31,WH1,Склад Минск,SKU_006,income,261,10.08
MOV000371,2025-03-31,WH1,Склад Минск,SKU_009,income,296,18.72
MOV000372,2025-03-31,WH1,Склад Минск,SKU_011,income,367,6.48
MOV000373,2025-03-31,WH2,Склад Брест,SKU_005,income,306,8.28
MOV000374,2025-03-31,WH2,Склад Брест,SKU_010,income,252,5.76
MOV000375,2025-03-31,WH1,Склад Минск,SKU_002,outcome,25,10.8
MOV000376,2025-03-31,WH1,Склад Минск,SKU_008,outcome,30,17.28
MOV000377,2025-03-31,WH1,Склад Минск,SKU_012,outcome,35,5.4
MOV000378,2026-01-01,WH1,Склад Минск,SKU_004,income,371,9.36
MOV000379,2026-01-01,WH1,Склад Минск,SKU_008,income,219,17.28
MOV000380,2026-01-01,WH1,Склад Минск,SKU_011,income,280,6.48
MOV000381,2026-01-01,WH1,Склад Минск,SKU_012,income,308,5.4
MOV000382,2026-01-01,WH2,Склад Брест,SKU_002,income,189,10.8
MOV000383,2026-01-01,WH2,Склад Брест,SKU_006,income,249,10.08
MOV000384,2026-01-01,WH2,Склад Брест,SKU_007,income,259,15.84
MOV000385,2026-01-01,WH2,Склад Брест,SKU_011,income,252,6.48
MOV000386,2026-01-01,WH1,Склад Минск,SKU_005,outcome,36,8.28
MOV000387,2026-01-01,WH1,Склад Минск,SKU_010,outcome,33,5.76
MOV000388,2026-01-01,WH1,Склад Минск,SKU_011,outcome,29,6.48
MOV000389,2026-01-01,WH2,Склад Брест,SKU_001,outcome,39,8.64
MOV000390,2026-01-01,WH2,Склад Брест,SKU_004,outcome,52,9.36
MOV000391,2026-01-01,WH2,Склад Брест,SKU_005,outcome,51,8.28
MOV000392,2026-01-02,WH1,Склад Минск,SKU_004,outcome,15,9.36
MOV000393,2026-01-02,WH1,Склад Минск,SKU_006,outcome,40,10.08
MOV000394,2026-01-02,WH2,Склад Брест,SKU_002,outcome,33,10.8
MOV000395,2026-01-03,WH1,Склад Минск,SKU_008,outcome,36,17.28
MOV000396,2026-01-03,WH1,Склад Минск,SKU_009,outcome,31,18.72
MOV000397,2026-01-03,WH2,Склад Брест,SKU_002,outcome,36,10.8
MOV000398,2026-01-03,WH2,Склад Брест,SKU_005,outcome,36,8.28
MOV000399,2026-01-03,WH2,Склад Брест,SKU_007,outcome,29,15.84
MOV000400,2026-01-04,WH1,Склад Минск,SKU_001,outcome,26,8.64
MOV000401,2026-01-04,WH2,Склад Брест,SKU_001,outcome,30,8.64
MOV000402,2026-01-05,WH1,Склад Минск,SKU_002,income,314,10.8
MOV000403,2026-01-05,WH1,Склад Минск,SKU_003,income,335,12.96
MOV000404,2026-01-05,WH1,Склад Минск,SKU_008,income,351,17.28
MOV000405,2026-01-05,WH1,Склад Минск,SKU_011,income,270,6.48
MOV000406,2026-01-05,WH2,Склад Брест,SKU_001,income,317,8.64
MOV000407,2026-01-05,WH2,Склад Брест,SKU_002,income,357,10.8
MOV000408,2026-01-05,WH2,Склад Брест,SKU_004,income,369,9.36
MOV000409,2026-01-05,WH2,Склад Брест,SKU_006,income,296,10.08
MOV000410,2026-01-05,WH1,Склад Минск,SKU_006,outcome,32,10.08
MOV000411,2026-01-05,WH1,Склад Минск,SKU_008,outcome,36,17.28
MOV000412,2026-01-05,WH2,Склад Брест,SKU_004,outcome,23,9.36
MOV000413,2026-01-06,WH1,Склад Минск,SKU_006,outcome,33,10.08
MOV000414,2026-01-07,WH1,Склад Минск,SKU_007,outcome,42,15.84
MOV000415,2026-01-07,WH1,Склад Минск,SKU_009,outcome,41,18.72
MOV000416,2026-01-07,WH1,Склад Минск,SKU_012,outcome,32,5.4
MOV000417,2026-01-07,WH2,Склад Брест,SKU_012,outcome,37,5.4
MOV000418,2026-01-08,WH1,Склад Минск,SKU_006,income,250,10.08
MOV000419,2026-01-08,WH2,Склад Брест,SKU_004,income,342,9.36
MOV000420,2026-01-08,WH2,Склад Брест,SKU_007,income,295,15.84
MOV000421,2026-01-08,WH1,Склад Минск,SKU_001,outcome,32,8.64
MOV000422,2026-01-08,WH1,Склад Минск,SKU_004,outcome,31,9.36
MOV000423,2026-01-08,WH1,Склад Минск,SKU_007,outcome,34,15.84
MOV000424,2026-01-08,WH2,Склад Брест,SKU_003,outcome,30,12.96
MOV000425,2026-01-09,WH1,Склад Минск,SKU_011,outcome,41,6.48
MOV000426,2026-01-09,WH2,Склад Брест,SKU_004,outcome,31,9.36
MOV000427,2026-01-09,WH2,Склад Брест,SKU_007,outcome,50,15.84
MOV000428,2026-01-09,WH2,Склад Брест,SKU_008,outcome,49,17.28
MOV000429,2026-01-10,WH2,Склад Брест,SKU_003,outcome,26,12.96
MOV000430,2026-01-10,WH2,Склад Брест,SKU_009,outcome,35,18.72
MOV000431,2026-01-10,WH2,Склад Брест,SKU_012,outcome,28,5.4
MOV000432,2026-01-11,WH1,Склад Минск,SKU_009,outcome,31,18.72
MOV000433,2026-01-11,WH2,Склад Брест,SKU_003,outcome,55,12.96
MOV000434,2026-01-11,WH2,Склад Брест,SKU_007,outcome,31,15.84
MOV000435,2026-01-12,WH1,Склад Минск,SKU_001,income,321,8.64
MOV000436,2026-01-12,WH1,Склад Минск,SKU_008,income,332,17.28
MOV000437,2026-01-12,WH1,Склад Минск,SKU_009,income,239,18.72
MOV000438,2026-01-12,WH2,Склад Брест,SKU_002,income,248,10.8
MOV000439,2026-01-12,WH2,Склад Брест,SKU_004,income,227,9.36
MOV000440,2026-01-12,WH2,Склад Брест,SKU_009,income,246,18.72
MOV000441,2026-01-12,WH2,Склад Брест,SKU_010,income,128,5.76
MOV000442,2026-01-12,WH1,Склад Минск,SKU_010,outcome,40,5.76
MOV000443,2026-01-13,WH1,Склад Минск,SKU_008,outcome,55,17.28
MOV000444,2026-01-13,WH1,Склад Минск,SKU_009,outcome,36,18.72
MOV000445,2026-01-13,WH1,Склад Минск,SKU_010,outcome,20,5.76
MOV000446,2026-01-13,WH1,Склад Минск,SKU_011,outcome,28,6.48
MOV000447,2026-01-13,WH1,Склад Минск,SKU_012,outcome,30,5.4
MOV000448,2026-01-13,WH2,Склад Брест,SKU_001,outcome,24,8.64
MOV000449,2026-01-13,WH2,Склад Брест,SKU_003,outcome,43,12.96
MOV000450,2026-01-13,WH2,Склад Брест,SKU_007,outcome,43,15.84
MOV000451,2026-01-14,WH1,Склад Минск,SKU_004,outcome,23,9.36
MOV000452,2026-01-14,WH2,Склад Брест,SKU_006,outcome,42,10.08
MOV000453,2026-01-14,WH2,Склад Брест,SKU_012,outcome,50,5.4
MOV000454,2026-01-15,WH1,Склад Минск,SKU_002,income,414,10.8
MOV000455,2026-01-15,WH1,Склад Минск,SKU_004,income,471,9.36
MOV000456,2026-01-15,WH1,Склад Минск,SKU_007,income,245,15.84
MOV000457,2026-01-15,WH1,Склад Минск,SKU_010,income,469,5.76
MOV000458,2026-01-15,WH1,Склад Минск,SKU_011,income,278,6.48
MOV000459,2026-01-15,WH2,Склад Брест,SKU_006,income,264,10.08
MOV000460,2026-01-15,WH2,Склад Брест,SKU_010,income,319,5.76
MOV000461,2026-01-15,WH1,Склад Минск,SKU_002,outcome,29,10.8
MOV000462,2026-01-15,WH1,Склад Минск,SKU_011,outcome,38,6.48
MOV000463,2026-01-16,WH1,Склад Минск,SKU_008,outcome,21,17.28
MOV000464,2026-01-18,WH1,Склад Минск,SKU_005,outcome,32,8.28
MOV000465,2026-01-18,WH1,Склад Минск,SKU_011,outcome,47,6.48
MOV000466,2026-01-18,WH2,Склад Брест,SKU_002,outcome,34,10.8
MOV000467,2026-01-18,WH2,Склад Брест,SKU_004,outcome,36,9.36
MOV000468,2026-01-18,WH2,Склад Брест,SKU_010,outcome,39,5.76
MOV000469,2026-01-18,WH2,Склад Брест,SKU_012,outcome,46,5.4
MOV000470,2026-01-19,WH1,Склад Минск,SKU_001,income,200,8.64
MOV000471,2026-01-19,WH1,Склад Минск,SKU_002,income,335,10.8
MOV000472,2026-01-19,WH1,Склад Минск,SKU_003,income,283,12.96
MOV000473,2026-01-19,WH1,Склад Минск,SKU_005,income,309,8.28
MOV000474,2026-01-19,WH2,Склад Брест,SKU_002,income,363,10.8
MOV000475,2026-01-19,WH2,Склад Брест,SKU_007,income,228,15.84
MOV000476,2026-01-19,WH2,Склад Брест,SKU_009,income,239,18.72
MOV000477,2026-01-19,WH2,Склад Брест,SKU_011,income,183,6.48
MOV000478,2026-01-19,WH1,Склад Минск,SKU_004,outcome,29,9.36
MOV000479,2026-01-19,WH1,Склад Минск,SKU_010,outcome,48,5.76
MOV000480,2026-01-19,WH1,Склад Минск,SKU_011,outcome,33,6.48
MOV000481,2026-01-19,WH2,Склад Брест,SKU_004,outcome,21,9.36
MOV000482,2026-01-19,WH2,Склад Брест,SKU_012,outcome,30,5.4
MOV000483,2026-01-20,WH1,Склад Минск,SKU_006,outcome,20,10.08
MOV000484,2026-01-20,WH2,Склад Брест,SKU_006,outcome,23,10.08
MOV000485,2026-01-21,WH1,Склад Минск,SKU_003,outcome,38,12.96
MOV000486,2026-01-21,WH1,Склад Минск,SKU_008,outcome,23,17.28
MOV000487,2026-01-21,WH2,Склад Брест,SKU_001,outcome,46,8.64
MOV000488,2026-01-21,WH2,Склад Брест,SKU_010,outcome,34,5.76
MOV000489,2026-01-22,WH1,Склад Минск,SKU_006,income,305,10.08
MOV000490,2026-01-22,WH1,Склад Минск,SKU_010,income,283,5.76
MOV000491,2026-01-22,WH2,Склад Брест,SKU_003,income,346,12.96
MOV000492,2026-01-22,WH2,Склад Брест,SKU_011,income,346,6.48
MOV000493,2026-01-22,WH2,Склад Брест,SKU_012,income,320,5.4
MOV000494,2026-01-22,WH1,Склад Минск,SKU_007,outcome,40,15.84
MOV000495,2026-01-22,WH2,Склад Брест,SKU_004,outcome,32,9.36
MOV000496,2026-01-22,WH2,Склад Брест,SKU_005,outcome,40,8.28
MOV000497,2026-01-22,WH2,Склад Брест,SKU_007,outcome,31,15.84
MOV000498,2026-01-22,WH2,Склад Брест,SKU_010,outcome,35,5.76
MOV000499,2026-01-23,WH1,Склад Минск,SKU_007,outcome,32,15.84
MOV000500,2026-01-23,WH2,Склад Брест,SKU_004,outcome,30,9.36
MOV000501,2026-01-24,WH1,Склад Минск,SKU_002,outcome,28,10.8
MOV000502,2026-01-24,WH1,Склад Минск,SKU_006,outcome,39,10.08
MOV000503,2026-01-24,WH2,Склад Брест,SKU_012,outcome,48,5.4
MOV000504,2026-01-25,WH1,Склад Минск,SKU_001,outcome,46,8.64
MOV000505,2026-01-25,WH1,Склад Минск,SKU_002,outcome,22,10.8
MOV000506,2026-01-26,WH1,Склад Минск,SKU_002,income,377,10.8
MOV000507,2026-01-27,WH1,Склад Минск,SKU_008,outcome,31,17.28
MOV000508,2026-01-27,WH2,Склад Брест,SKU_006,outcome,41,10.08
MOV000509,2026-01-27,WH2,Склад Брест,SKU_012,outcome,25,5.4
MOV000510,2026-01-28,WH1,Склад Минск,SKU_004,outcome,36,9.36
MOV000511,2026-01-28,WH2,Склад Брест,SKU_003,outcome,38,12.96
MOV000512,2026-01-29,WH1,Склад Минск,SKU_002,income,210,10.8
MOV000513,2026-01-29,WH1,Склад Минск,SKU_005,income,336,8.28
MOV000514,2026-01-29,WH1,Склад Минск,SKU_008,income,380,17.28
MOV000515,2026-01-29,WH1,Склад Минск,SKU_011,income,289,6.48
MOV000516,2026-01-29,WH2,Склад Брест,SKU_004,income,381,9.36
MOV000517,2026-01-29,WH2,Склад Брест,SKU_008,income,288,17.28
MOV000518,2026-01-29,WH2,Склад Брест,SKU_009,income,350,18.72
MOV000519,2026-01-29,WH2,Склад Брест,SKU_011,income,166,6.48
MOV000520,2026-01-29,WH1,Склад Минск,SKU_006,outcome,59,10.08
MOV000521,2026-01-29,WH1,Склад Минск,SKU_007,outcome,49,15.84
MOV000522,2026-01-30,WH2,Склад Брест,SKU_003,outcome,32,12.96
MOV000523,2026-01-31,WH1,Склад Минск,SKU_003,outcome,15,12.96
MOV000524,2026-01-31,WH2,Склад Брест,SKU_006,outcome,37,10.08
MOV000525,2026-01-31,WH2,Склад Брест,SKU_008,outcome,20,17.28
MOV000526,2026-01-31,WH2,Склад Брест,SKU_010,outcome,39,5.76
MOV000527,2026-01-31,WH2,Склад Брест,SKU_011,outcome,39,6.48
MOV000528,2026-02-01,WH1,Склад Минск,SKU_010,outcome,25,5.76
MOV000529,2026-02-01,WH1,Склад Минск,SKU_011,outcome,46,6.48
MOV000530,2026-02-01,WH2,Склад Брест,SKU_012,outcome,43,5.4
MOV000531,2026-02-02,WH1,Склад Минск,SKU_001,income,358,8.64
MOV000532,2026-02-02,WH1,Склад Минск,SKU_003,income,300,12.96
MOV000533,2026-02-02,WH1,Склад Минск,SKU_004,income,215,9.36
MOV000534,2026-02-02,WH1,Склад Минск,SKU_008,income,358,17.28
MOV000535,2026-02-02,WH1,Склад Минск,SKU_011,income,283,6.48
MOV000536,2026-02-02,WH2,Склад Брест,SKU_003,income,216,12.96
MOV000537,2026-02-02,WH2,Склад Брест,SKU_005,income,381,8.28
MOV000538,2026-02-02,WH2,Склад Брест,SKU_006,income,425,10.08
MOV000539,2026-02-02,WH2,Склад Брест,SKU_007,income,297,15.84
MOV000540,2026-02-02,WH2,Склад Брест,SKU_008,income,429,17.28
MOV000541,2026-02-02,WH2,Склад Брест,SKU_009,income,305,18.72
MOV000542,2026-02-02,WH1,Склад Минск,SKU_004,outcome,31,9.36
MOV000543,2026-02-02,WH1,Склад Минск,SKU_008,outcome,28,17.28
MOV000544,2026-02-02,WH1,Склад Минск,SKU_010,outcome,51,5.76
MOV000545,2026-02-03,WH2,Склад Брест,SKU_004,outcome,27,9.36
MOV000546,2026-02-04,WH1,Склад Минск,SKU_002,outcome,42,10.8
MOV000547,2026-02-04,WH1,Склад Минск,SKU_011,outcome,29,6.48
MOV000548,2026-02-04,WH2,Склад Брест,SKU_004,outcome,30,9.36
MOV000549,2026-02-05,WH1,Склад Минск,SKU_005,income,361,8.28
MOV000550,2026-02-05,WH1,Склад Минск,SKU_007,income,277,15.84
MOV000551,2026-02-05,WH1,Склад Минск,SKU_009,income,275,18.72
MOV000552,2026-02-05,WH1,Склад Минск,SKU_012,income,367,5.4
MOV000553,2026-02-05,WH2,Склад Брест,SKU_001,income,395,8.64
MOV000554,2026-02-05,WH2,Склад Брест,SKU_003,income,338,12.96
MOV000555,2026-02-05,WH2,Склад Брест,SKU_009,income,260,18.72
MOV000556,2026-02-05,WH2,Склад Брест,SKU_011,income,269,6.48
MOV000557,2026-02-05,WH1,Склад Минск,SKU_003,outcome,35,12.96
MOV000558,2026-02-05,WH1,Склад Минск,SKU_007,outcome,38,15.84
MOV000559,2026-02-05,WH2,Склад Брест,SKU_005,outcome,25,8.28
MOV000560,2026-02-05,WH2,Склад Брест,SKU_008,outcome,42,17.28
MOV000561,2026-02-06,WH1,Склад Минск,SKU_007,outcome,35,15.84
MOV000562,2026-02-06,WH1,Склад Минск,SKU_008,outcome,17,17.28
MOV000563,2026-02-06,WH1,Склад Минск,SKU_012,outcome,25,5.4
MOV000564,2026-02-06,WH2,Склад Брест,SKU_005,outcome,29,8.28
MOV000565,2026-02-07,WH2,Склад Брест,SKU_009,outcome,34,18.72
MOV000566,2026-02-08,WH1,Склад Минск,SKU_008,outcome,53,17.28
MOV000567,2026-02-08,WH2,Склад Брест,SKU_002,outcome,37,10.8
MOV000568,2026-02-08,WH2,Склад Брест,SKU_006,outcome,26,10.08
MOV000569,2026-02-09,WH1,Склад Минск,SKU_001,income,313,8.64
MOV000570,2026-02-09,WH1,Склад Минск,SKU_003,income,278,12.96
MOV000571,2026-02-09,WH2,Склад Брест,SKU_001,income,319,8.64
MOV000572,2026-02-09,WH2,Склад Брест,SKU_002,income,334,10.8
MOV000573,2026-02-09,WH2,Склад Брест,SKU_005,income,372,8.28
MOV000574,2026-02-09,WH2,Склад Брест,SKU_006,income,298,10.08
MOV000575,2026-02-09,WH2,Склад Брест,SKU_008,income,398,17.28
MOV000576,2026-02-09,WH2,Склад Брест,SKU_011,income,354,6.48
MOV000577,2026-02-09,WH1,Склад Минск,SKU_004,outcome,27,9.36
MOV000578,2026-02-09,WH2,Склад Брест,SKU_001,outcome,57,8.64
MOV000579,2026-02-09,WH2,Склад Брест,SKU_004,outcome,38,9.36
MOV000580,2026-02-10,WH1,Склад Минск,SKU_001,outcome,26,8.64
MOV000581,2026-02-10,WH1,Склад Минск,SKU_007,outcome,51,15.84
MOV000582,2026-02-10,WH1,Склад Минск,SKU_012,outcome,55,5.4
MOV000583,2026-02-10,WH2,Склад Брест,SKU_003,outcome,34,12.96
MOV000584,2026-02-11,WH1,Склад Минск,SKU_009,outcome,29,18.72
MOV000585,2026-02-11,WH1,Склад Минск,SKU_011,outcome,33,6.48
MOV000586,2026-02-11,WH1,Склад Минск,SKU_012,outcome,42,5.4
MOV000587,2026-02-11,WH2,Склад Брест,SKU_003,outcome,47,12.96
MOV000588,2026-02-12,WH1,Склад Минск,SKU_003,income,334,12.96
MOV000589,2026-02-12,WH1,Склад Минск,SKU_005,income,306,8.28
MOV000590,2026-02-12,WH1,Склад Минск,SKU_006,income,389,10.08
MOV000591,2026-02-12,WH1,Склад Минск,SKU_007,income,281,15.84
MOV000592,2026-02-12,WH1,Склад Минск,SKU_008,income,361,17.28
MOV000593,2026-02-12,WH1,Склад Минск,SKU_009,income,282,18.72
MOV000594,2026-02-12,WH1,Склад Минск,SKU_012,income,325,5.4
MOV000595,2026-02-12,WH2,Склад Брест,SKU_006,income,293,10.08
MOV000596,2026-02-12,WH1,Склад Минск,SKU_002,outcome,34,10.8
MOV000597,2026-02-12,WH2,Склад Брест,SKU_009,outcome,31,18.72
MOV000598,2026-02-13,WH2,Склад Брест,SKU_007,outcome,48,15.84
MOV000599,2026-02-14,WH1,Склад Минск,SKU_011,outcome,27,6.48
MOV000600,2026-02-14,WH2,Склад Брест,SKU_005,outcome,27,8.28
MOV000601,2026-02-15,WH1,Склад Минск,SKU_010,outcome,56,5.76
MOV000602,2026-02-15,WH2,Склад Брест,SKU_003,outcome,44,12.96
MOV000603,2026-02-15,WH2,Склад Брест,SKU_011,outcome,11,6.48
MOV000604,2026-02-16,WH1,Склад Минск,SKU_002,income,266,10.8
MOV000605,2026-02-16,WH1,Склад Минск,SKU_003,income,191,12.96
MOV000606,2026-02-16,WH1,Склад Минск,SKU_010,income,242,5.76
MOV000607,2026-02-16,WH1,Склад Минск,SKU_011,income,111,6.48
MOV000608,2026-02-16,WH1,Склад Минск,SKU_012,income,291,5.4
MOV000609,2026-02-16,WH2,Склад Брест,SKU_005,income,231,8.28
MOV000610,2026-02-16,WH2,Склад Брест,SKU_009,income,303,18.72
MOV000611,2026-02-16,WH1,Склад Минск,SKU_003,outcome,18,12.96
MOV000612,2026-02-16,WH1,Склад Минск,SKU_012,outcome,35,5.4
MOV000613,2026-02-17,WH1,Склад Минск,SKU_011,outcome,30,6.48
MOV000614,2026-02-17,WH2,Склад Брест,SKU_007,outcome,50,15.84
MOV000615,2026-02-18,WH1,Склад Минск,SKU_005,outcome,49,8.28
MOV000616,2026-02-18,WH1,Склад Минск,SKU_007,outcome,42,15.84
MOV000617,2026-02-18,WH2,Склад Брест,SKU_004,outcome,31,9.36
MOV000618,2026-02-18,WH2,Склад Брест,SKU_008,outcome,54,17.28
MOV000619,2026-02-19,WH1,Склад Минск,SKU_003,income,206,12.96
MOV000620,2026-02-19,WH1,Склад Минск,SKU_010,income,215,5.76
MOV000621,2026-02-19,WH2,Склад Брест,SKU_001,income,294,8.64
MOV000622,2026-02-19,WH2,Склад Брест,SKU_004,income,435,9.36
MOV000623,2026-02-19,WH2,Склад Брест,SKU_007,income,287,15.84
MOV000624,2026-02-19,WH2,Склад Брест,SKU_009,income,289,18.72
MOV000625,2026-02-19,WH2,Склад Брест,SKU_012,income,213,5.4
MOV000626,2026-02-19,WH1,Склад Минск,SKU_009,outcome,44,18.72
MOV000627,2026-02-20,WH1,Склад Минск,SKU_007,outcome,44,15.84
MOV000628,2026-02-20,WH1,Склад Минск,SKU_012,outcome,42,5.4
MOV000629,2026-02-20,WH2,Склад Брест,SKU_001,outcome,28,8.64
MOV000630,2026-02-20,WH2,Склад Брест,SKU_004,outcome,27,9.36
MOV000631,2026-02-21,WH1,Склад Минск,SKU_001,outcome,22,8.64
MOV000632,2026-02-21,WH1,Склад Минск,SKU_007,outcome,35,15.84
MOV000633,2026-02-21,WH2,Склад Брест,SKU_003,outcome,24,12.96
MOV000634,2026-02-21,WH2,Склад Брест,SKU_010,outcome,23,5.76
MOV000635,2026-02-22,WH2,Склад Брест,SKU_009,outcome,30,18.72
MOV000636,2026-02-22,WH2,Склад Брест,SKU_012,outcome,30,5.4
MOV000637,2026-02-23,WH1,Склад Минск,SKU_005,income,267,8.28
MOV000638,2026-02-23,WH1,Склад Минск,SKU_006,income,327,10.08
MOV000639,2026-02-23,WH1,Склад Минск,SKU_012,income,304,5.4
MOV000640,2026-02-23,WH2,Склад Брест,SKU_001,income,282,8.64
MOV000641,2026-02-23,WH2,Склад Брест,SKU_002,income,310,10.8
MOV000642,2026-02-23,WH2,Склад Брест,SKU_003,income,240,12.96
MOV000643,2026-02-23,WH2,Склад Брест,SKU_012,income,306,5.4
MOV000644,2026-02-23,WH2,Склад Брест,SKU_006,outcome,36,10.08
MOV000645,2026-02-24,WH1,Склад Минск,SKU_001,outcome,19,8.64
MOV000646,2026-02-24,WH2,Склад Брест,SKU_011,outcome,44,6.48
MOV000647,2026-02-25,WH1,Склад Минск,SKU_004,outcome,26,9.36
MOV000648,2026-02-25,WH1,Склад Минск,SKU_006,outcome,35,10.08
MOV000649,2026-02-25,WH2,Склад Брест,SKU_006,outcome,46,10.08
MOV000650,2026-02-25,WH2,Склад Брест,SKU_012,outcome,44,5.4
MOV000651,2026-02-26,WH1,Склад Минск,SKU_001,income,302,8.64
MOV000652,2026-02-26,WH1,Склад Минск,SKU_002,income,278,10.8
MOV000653,2026-02-26,WH1,Склад Минск,SKU_001,outcome,44,8.64
MOV000654,2026-02-26,WH1,Склад Минск,SKU_008,outcome,41,17.28
MOV000655,2026-02-26,WH2,Склад Брест,SKU_003,outcome,28,12.96
MOV000656,2026-02-26,WH2,Склад Брест,SKU_011,outcome,27,6.48
MOV000657,2026-02-27,WH1,Склад Минск,SKU_002,outcome,14,10.8
MOV000658,2026-02-27,WH2,Склад Брест,SKU_006,outcome,36,10.08
MOV000659,2026-02-27,WH2,Склад Брест,SKU_010,outcome,34,5.76
MOV000660,2026-02-28,WH1,Склад Минск,SKU_011,outcome,46,6.48
MOV000661,2026-02-28,WH2,Склад Брест,SKU_004,outcome,38,9.36
MOV000662,2026-02-28,WH2,Склад Брест,SKU_007,outcome,48,15.84
MOV000663,2026-03-01,WH1,Склад Минск,SKU_008,outcome,28,17.28
MOV000664,2026-03-01,WH1,Склад Минск,SKU_012,outcome,46,5.4
MOV000665,2026-03-01,WH2,Склад Брест,SKU_002,outcome,29,10.8
MOV000666,2026-03-02,WH1,Склад Минск,SKU_008,income,346,17.28
MOV000667,2026-03-02,WH1,Склад Минск,SKU_010,income,212,5.76
MOV000668,2026-03-02,WH2,Склад Брест,SKU_006,income,314,10.08
MOV000669,2026-03-02,WH2,Склад Брест,SKU_010,income,180,5.76
MOV000670,2026-03-02,WH1,Склад Минск,SKU_002,outcome,32,10.8
MOV000671,2026-03-02,WH1,Склад Минск,SKU_011,outcome,39,6.48
MOV000672,2026-03-02,WH2,Склад Брест,SKU_004,outcome,29,9.36
MOV000673,2026-03-02,WH2,Склад Брест,SKU_007,outcome,24,15.84
MOV000674,2026-03-02,WH2,Склад Брест,SKU_009,outcome,43,18.72
MOV000675,2026-03-02,WH2,Склад Брест,SKU_011,outcome,33,6.48
MOV000676,2026-03-03,WH1,Склад Минск,SKU_003,outcome,30,12.96
MOV000677,2026-03-03,WH1,Склад Минск,SKU_009,outcome,35,18.72
MOV000678,2026-03-03,WH2,Склад Брест,SKU_002,outcome,61,10.8
MOV000679,2026-03-03,WH2,Склад Брест,SKU_008,outcome,46,17.28
MOV000680,2026-03-03,WH2,Склад Брест,SKU_009,outcome,46,18.72
MOV000681,2026-03-03,WH2,Склад Брест,SKU_010,outcome,39,5.76
MOV000682,2026-03-03,WH2,Склад Брест,SKU_012,outcome,36,5.4
MOV000683,2026-03-04,WH1,Склад Минск,SKU_002,outcome,11,10.8
MOV000684,2026-03-04,WH1,Склад Минск,SKU_007,outcome,28,15.84
MOV000685,2026-03-04,WH1,Склад Минск,SKU_010,outcome,30,5.76
MOV000686,2026-03-05,WH1,Склад Минск,SKU_001,income,187,8.64
MOV000687,2026-03-05,WH1,Склад Минск,SKU_003,income,230,12.96
MOV000688,2026-03-05,WH1,Склад Минск,SKU_009,income,181,18.72
MOV000689,2026-03-05,WH2,Склад Брест,SKU_001,income,297,8.64
MOV000690,2026-03-05,WH2,Склад Брест,SKU_003,income,349,12.96
MOV000691,2026-03-05,WH2,Склад Брест,SKU_005,income,366,8.28
MOV000692,2026-03-05,WH2,Склад Брест,SKU_007,income,324,15.84
MOV000693,2026-03-05,WH2,Склад Брест,SKU_003,outcome,25,12.96
MOV000694,2026-03-05,WH2,Склад Брест,SKU_006,outcome,15,10.08
MOV000695,2026-03-06,WH1,Склад Минск,SKU_001,outcome,17,8.64
MOV000696,2026-03-06,WH1,Склад Минск,SKU_007,outcome,22,15.84
MOV000697,2026-03-06,WH1,Склад Минск,SKU_009,outcome,26,18.72
MOV000698,2026-03-06,WH2,Склад Брест,SKU_004,outcome,33,9.36
MOV000699,2026-03-07,WH1,Склад Минск,SKU_004,outcome,24,9.36
MOV000700,2026-03-07,WH1,Склад Минск,SKU_007,outcome,38,15.84
MOV000701,2026-03-08,WH1,Склад Минск,SKU_002,outcome,32,10.8
MOV000702,2026-03-08,WH1,Склад Минск,SKU_012,outcome,35,5.4
MOV000703,2026-03-08,WH2,Склад Брест,SKU_009,outcome,46,18.72
MOV000704,2026-03-08,WH2,Склад Брест,SKU_010,outcome,23,5.76
MOV000705,2026-03-09,WH1,Склад Минск,SKU_012,income,325,5.4
MOV000706,2026-03-09,WH2,Склад Брест,SKU_006,income,299,10.08
MOV000707,2026-03-09,WH2,Склад Брест,SKU_008,income,279,17.28
MOV000708,2026-03-09,WH2,Склад Брест,SKU_010,income,353,5.76
MOV000709,2026-03-09,WH1,Склад Минск,SKU_012,outcome,43,5.4
MOV000710,2026-03-09,WH2,Склад Брест,SKU_001,outcome,25,8.64
MOV000711,2026-03-10,WH2,Склад Брест,SKU_008,outcome,33,17.28
MOV000712,2026-03-10,WH2,Склад Брест,SKU_012,outcome,37,5.4
MOV000713,2026-03-11,WH1,Склад Минск,SKU_001,outcome,32,8.64
MOV000714,2026-03-11,WH1,Склад Минск,SKU_003,outcome,40,12.96
MOV000715,2026-03-11,WH2,Склад Брест,SKU_002,outcome,37,10.8
MOV000716,2026-03-11,WH2,Склад Брест,SKU_005,outcome,53,8.28
MOV000717,2026-03-11,WH2,Склад Брест,SKU_011,outcome,19,6.48
MOV000718,2026-03-12,WH1,Склад Минск,SKU_001,income,292,8.64
MOV000719,2026-03-12,WH1,Склад Минск,SKU_002,income,245,10.8
MOV000720,2026-03-12,WH2,Склад Брест,SKU_002,income,336,10.8
MOV000721,2026-03-12,WH2,Склад Брест,SKU_007,income,202,15.84
MOV000722,2026-03-12,WH2,Склад Брест,SKU_011,income,320,6.48
MOV000723,2026-03-12,WH2,Склад Брест,SKU_003,outcome,28,12.96
MOV000724,2026-03-12,WH2,Склад Брест,SKU_005,outcome,27,8.28
MOV000725,2026-03-12,WH2,Склад Брест,SKU_008,outcome,20,17.28
MOV000726,2026-03-12,WH2,Склад Брест,SKU_009,outcome,30,18.72
MOV000727,2026-03-13,WH1,Склад Минск,SKU_004,outcome,45,9.36
MOV000728,2026-03-13,WH1,Склад Минск,SKU_006,outcome,34,10.08
MOV000729,2026-03-13,WH1,Склад Минск,SKU_011,outcome,41,6.48
MOV000730,2026-03-14,WH1,Склад Минск,SKU_006,outcome,51,10.08
MOV000731,2026-03-14,WH2,Склад Брест,SKU_011,outcome,37,6.48
MOV000732,2026-03-15,WH1,Склад Минск,SKU_002,outcome,29,10.8
MOV000733,2026-03-15,WH1,Склад Минск,SKU_007,outcome,39,15.84
MOV000734,2026-03-16,WH1,Склад Минск,SKU_007,income,267,15.84
MOV000735,2026-03-16,WH1,Склад Минск,SKU_009,income,269,18.72
MOV000736,2026-03-16,WH2,Склад Брест,SKU_002,income,208,10.8
MOV000737,2026-03-16,WH2,Склад Брест,SKU_012,income,355,5.4
MOV000738,2026-03-16,WH1,Склад Минск,SKU_009,outcome,31,18.72
MOV000739,2026-03-16,WH1,Склад Минск,SKU_011,outcome,36,6.48
MOV000740,2026-03-17,WH1,Склад Минск,SKU_009,outcome,24,18.72
MOV000741,2026-03-17,WH1,Склад Минск,SKU_012,outcome,39,5.4
MOV000742,2026-03-17,WH2,Склад Брест,SKU_008,outcome,27,17.28
MOV000743,2026-03-18,WH1,Склад Минск,SKU_004,outcome,33,9.36
MOV000744,2026-03-18,WH2,Склад Брест,SKU_001,outcome,43,8.64
MOV000745,2026-03-19,WH1,Склад Минск,SKU_001,income,347,8.64
MOV000746,2026-03-19,WH1,Склад Минск,SKU_009,income,298,18.72
MOV000747,2026-03-19,WH1,Склад Минск,SKU_011,income,193,6.48
MOV000748,2026-03-19,WH2,Склад Брест,SKU_006,income,479,10.08
MOV000749,2026-03-19,WH2,Склад Брест,SKU_009,income,404,18.72
MOV000750,2026-03-19,WH2,Склад Брест,SKU_010,income,343,5.76
MOV000751,2026-03-19,WH2,Склад Брест,SKU_011,income,254,6.48
MOV000752,2026-03-19,WH1,Склад Минск,SKU_003,outcome,33,12.96
MOV000753,2026-03-19,WH1,Склад Минск,SKU_006,outcome,29,10.08
MOV000754,2026-03-19,WH1,Склад Минск,SKU_008,outcome,47,17.28
MOV000755,2026-03-19,WH1,Склад Минск,SKU_010,outcome,37,5.76
MOV000756,2026-03-19,WH1,Склад Минск,SKU_012,outcome,27,5.4
MOV000757,2026-03-19,WH2,Склад Брест,SKU_012,outcome,30,5.4
MOV000758,2026-03-20,WH2,Склад Брест,SKU_002,outcome,46,10.8
MOV000759,2026-03-20,WH2,Склад Брест,SKU_011,outcome,51,6.48
MOV000760,2026-03-21,WH1,Склад Минск,SKU_001,outcome,50,8.64
MOV000761,2026-03-21,WH1,Склад Минск,SKU_008,outcome,42,17.28
MOV000762,2026-03-21,WH2,Склад Брест,SKU_011,outcome,32,6.48
MOV000763,2026-03-22,WH2,Склад Брест,SKU_008,outcome,5,17.28
MOV000764,2026-03-22,WH2,Склад Брест,SKU_011,outcome,37,6.48
MOV000765,2026-03-23,WH1,Склад Минск,SKU_003,income,299,12.96
MOV000766,2026-03-23,WH2,Склад Брест,SKU_003,income,308,12.96
MOV000767,2026-03-23,WH2,Склад Брест,SKU_010,income,303,5.76
MOV000768,2026-03-23,WH2,Склад Брест,SKU_011,income,220,6.48
MOV000769,2026-03-23,WH2,Склад Брест,SKU_006,outcome,40,10.08
MOV000770,2026-03-23,WH2,Склад Брест,SKU_010,outcome,41,5.76
MOV000771,2026-03-24,WH2,Склад Брест,SKU_003,outcome,41,12.96
MOV000772,2026-03-24,WH2,Склад Брест,SKU_005,outcome,44,8.28
MOV000773,2026-03-25,WH1,Склад Минск,SKU_002,outcome,41,10.8
MOV000774,2026-03-25,WH1,Склад Минск,SKU_009,outcome,30,18.72
MOV000775,2026-03-25,WH1,Склад Минск,SKU_012,outcome,34,5.4
MOV000776,2026-03-25,WH2,Склад Брест,SKU_006,outcome,35,10.08
MOV000777,2026-03-26,WH1,Склад Минск,SKU_002,income,306,10.8
MOV000778,2026-03-26,WH1,Склад Минск,SKU_003,income,359,12.96
MOV000779,2026-03-26,WH1,Склад Минск,SKU_005,income,338,8.28
MOV000780,2026-03-26,WH1,Склад Минск,SKU_007,income,424,15.84
MOV000781,2026-03-26,WH2,Склад Брест,SKU_005,income,432,8.28
MOV000782,2026-03-26,WH2,Склад Брест,SKU_004,outcome,35,9.36
MOV000783,2026-03-26,WH2,Склад Брест,SKU_009,outcome,5,18.72
MOV000784,2026-03-27,WH2,Склад Брест,SKU_005,outcome,47,8.28
MOV000785,2026-03-28,WH1,Склад Минск,SKU_007,outcome,29,15.84
MOV000786,2026-03-29,WH1,Склад Минск,SKU_011,outcome,26,6.48
MOV000787,2026-03-30,WH1,Склад Минск,SKU_007,income,276,15.84
MOV000788,2026-03-30,WH1,Склад Минск,SKU_010,income,273,5.76
MOV000789,2026-03-30,WH2,Склад Брест,SKU_001,income,336,8.64
MOV000790,2026-03-30,WH2,Склад Брест,SKU_007,income,206,15.84
MOV000791,2026-03-30,WH1,Склад Минск,SKU_003,outcome,24,12.96
MOV000792,2026-03-30,WH1,Склад Минск,SKU_008,outcome,38,17.28
MOV000793,2026-03-30,WH1,Склад Минск,SKU_011,outcome,41,6.48
MOV000794,2026-03-30,WH2,Склад Брест,SKU_004,outcome,41,9.36
MOV000795,2026-03-30,WH2,Склад Брест,SKU_012,outcome,27,5.4
MOV000796,2026-03-31,WH1,Склад Минск,SKU_011,outcome,25,6.48
MOV000797,2026-03-31,WH2,Склад Брест,SKU_005,outcome,29,8.28
MOV000798,2026-03-31,WH2,Склад Брест,SKU_008,outcome,37,17.28
